0.000000000000000000e+00,0.000000000000000000e+00
2.824427780209650130e-01,4.028371637898658375e-01
2.956841644558153570e-01,6.916971248787724402e-01
5.523997102777591373e-01,7.630008993662006356e-01
8.494143685278291445e-01,1.317998004557445091e+00
1.132412990539853226e+00,1.980081027429231533e+00
1.249190706641021054e+00,2.204058199483489133e+00
1.297393323336335502e+00,2.341009078626612450e+00
1.418953007012266232e+00,2.370176780902621072e+00
1.512797626477154989e+00,2.456824224625329123e+00
1.572980778144057012e+00,2.538140470608873489e+00
1.741543766582035024e+00,2.590166644900643966e+00
1.874997123512390118e+00,2.839950907352420728e+00
1.906591481990719705e+00,3.056700086518768789e+00
2.052708071414945046e+00,3.162558147172326528e+00
2.064704706894528563e+00,3.171999594013443780e+00
2.185437629173828000e+00,3.232812794256203937e+00
2.311938470526888167e+00,3.257151500737062833e+00
2.421376343620528448e+00,3.376328254937051465e+00
2.503257448312041333e+00,3.393579034864473876e+00
2.487079535115542139e+00,3.383616947673243391e+00
2.509792232928822475e+00,3.411233788949032508e+00
2.513657706762027821e+00,3.433792306162015251e+00
2.495429536968716278e+00,3.404691986960614258e+00
2.501749338971356540e+00,3.438899856043327929e+00
2.517393946957735107e+00,3.516117882851598431e+00
2.698273526483841778e+00,3.612656206269094561e+00
2.742888495156325934e+00,3.727588465713397081e+00
2.749788888662930031e+00,3.759499508088935293e+00
2.718235704125479213e+00,3.674378918490880608e+00
2.733222732180353276e+00,3.674708097752981573e+00
2.703733629508612957e+00,3.613881387929040123e+00
2.687415937082247464e+00,3.594865073685479917e+00
2.783816551074588030e+00,3.606408583101750498e+00
2.764437621769637143e+00,3.594581424747536058e+00
2.835510614735088808e+00,3.692058384256921677e+00
2.867808772985290577e+00,3.769923841764739603e+00
2.983943266666321925e+00,3.893450071012841462e+00
2.974910532240828243e+00,3.888362285686003172e+00
2.974660131192579104e+00,3.887078377673182317e+00
3.081254550547697146e+00,3.895352759737166437e+00
3.130054744309450854e+00,3.900049395001908614e+00
3.141136825216900519e+00,3.904179562747586818e+00
3.129424762078668376e+00,3.893807262501684630e+00
3.149484292055868995e+00,3.936334809100629606e+00
3.132512215486904061e+00,3.932410442537110029e+00
3.156273381066825756e+00,3.971765186379172974e+00
3.146741968767289510e+00,3.955140418375785671e+00
2.996032485893547204e+00,3.918099481096369185e+00
2.911660001323450153e+00,3.812446109147713980e+00
2.876057191778712774e+00,3.797305204892299724e+00
2.992300968702259478e+00,3.812985273063770997e+00
3.005055476676519621e+00,3.893378523885794085e+00
2.993659068352501507e+00,3.878055435645410221e+00
2.943065765391442934e+00,3.825615349274831267e+00
2.931934555048354873e+00,3.810267096845790125e+00
2.932165732590946039e+00,3.817407896206987949e+00
2.966608079338687087e+00,3.880565900004640412e+00
2.963839355616308957e+00,3.851060352875883996e+00
2.850137229436429553e+00,3.740102586997838596e+00
2.828339697656081064e+00,3.739628368960911331e+00
2.770935067053346135e+00,3.707254970935250693e+00
2.892235303644283384e+00,3.793894954306586520e+00
2.916671963043745652e+00,3.818814307170713462e+00
2.918601359300758258e+00,3.819025670833552155e+00
2.924224708576095733e+00,3.830153509136171142e+00
2.830607859202376897e+00,3.780345640562761567e+00
2.850384492773535339e+00,3.806774348044857703e+00
2.853870310665943766e+00,3.861508913316033631e+00
2.857370892841692989e+00,3.863751699386575922e+00
2.880865799012396700e+00,3.876857617720354643e+00
2.871161332676361866e+00,3.872902550263955135e+00
2.876945070751367517e+00,3.888109182490035565e+00
2.901864815893709260e+00,3.936801809244633077e+00
2.893388328635376094e+00,3.915340334589363813e+00
2.958471836272444033e+00,3.967243433762913440e+00
2.969320866139074866e+00,3.970566579642509808e+00
2.970229681257735344e+00,3.970972470203008253e+00
2.969582682838851628e+00,3.954855711623221470e+00
2.921136195238847932e+00,3.908457881994647387e+00
2.924384597362027716e+00,3.914007869766375158e+00
3.004164723657918312e+00,3.991767604065692421e+00
3.005146757973327531e+00,4.014643964222014638e+00
3.083815012077423479e+00,4.035381778667723296e+00
3.081129727446699551e+00,4.033003839912708166e+00
2.997808129076926509e+00,3.983637895400215623e+00
3.048133967731430527e+00,4.097203710289036849e+00
3.045018517380175371e+00,4.097136630165726601e+00
3.092893403663201646e+00,4.180219727946425046e+00
3.143963095041066858e+00,4.187630607293957752e+00
3.150869008482018341e+00,4.220950849178207953e+00
3.158567635482072866e+00,4.227403434736120680e+00
3.145587516150748275e+00,4.132868011804635699e+00
3.176587886007748995e+00,4.164887106483833534e+00
3.165429729501823886e+00,4.153159712255552805e+00
3.175216656808520721e+00,4.188060124628858460e+00
3.203768759202189287e+00,4.201011866674963180e+00
3.202992253921185917e+00,4.200767326995182849e+00
3.208955609205201842e+00,4.207598234341139332e+00
3.182237126780218528e+00,4.188589470203496035e+00
3.133306934253806020e+00,4.138241404072460661e+00
3.153212634317363428e+00,4.161875410554255694e+00
3.159313077610493625e+00,4.184880330220872580e+00
3.036625275902214760e+00,4.085577806768715625e+00
2.891028689318370315e+00,4.020538140614908329e+00
2.854944147856780301e+00,3.991765228253573827e+00
2.866058468256059033e+00,3.992277038047322701e+00
2.873509807889689682e+00,3.999675839785673759e+00
3.045086869544431529e+00,4.084433020320259899e+00
3.110417013730807145e+00,4.138523329809459028e+00
3.072708200357114450e+00,4.031167131798802927e+00
3.086706812277688616e+00,4.084178396715280712e+00
3.032774955204568190e+00,4.076914192702295381e+00
3.063130547651758739e+00,4.096885950052757686e+00
3.022292994013653367e+00,4.090642602350454737e+00
3.095706147389645224e+00,4.131837138747117777e+00
3.016289796562714898e+00,4.040630336458160166e+00
2.989789057732074262e+00,4.016415212088833897e+00
2.973570707350631448e+00,4.012748343891455960e+00
3.022919753328666914e+00,4.056202596411322858e+00
3.019911241370417887e+00,4.050464953789695954e+00
3.036766966743721596e+00,4.080391788246571672e+00
3.075037058549825453e+00,4.130278674513275128e+00
3.048655772922452378e+00,4.048792027161388418e+00
3.078804324988034136e+00,4.089430749717634761e+00
3.085360182205747481e+00,4.142819663775802574e+00
3.088168897980987371e+00,4.145865239829293891e+00
3.087906690220585837e+00,4.123414487264313699e+00
3.064299312605045511e+00,4.121861641877504923e+00
3.047173906610034511e+00,4.118588760570170315e+00
3.060552739414705847e+00,4.175962502058287562e+00
3.061948509046245270e+00,4.177525559111673559e+00
3.056008859117261167e+00,4.168331960601716624e+00
3.041123326508015534e+00,4.144565216085842607e+00
3.043082531804320201e+00,4.146471626359850227e+00
3.132396691359424334e+00,4.215066508394073708e+00
3.138405547457456812e+00,4.220377315924809025e+00
2.920157359124380125e+00,4.004371084389860336e+00
2.707922690950339994e+00,3.871860720283776480e+00
2.712686940399273272e+00,3.960321904167773077e+00
2.685525794345498873e+00,3.862414953775367366e+00
2.732798178831113756e+00,3.873153088360491658e+00
2.746003183919145663e+00,3.907727459862309516e+00
2.853586884700840542e+00,3.973628505701745972e+00
2.898441910750192196e+00,4.026397105023775680e+00
2.878105434197066437e+00,4.010871404329114043e+00
2.902074674886313765e+00,4.046630364278606784e+00
2.865565937463173452e+00,4.036337884206310456e+00
2.861383293000506978e+00,3.931320182758700987e+00
2.848339850621169234e+00,3.874791327216300374e+00
2.970687669868504965e+00,3.918904398332902606e+00
2.984815513091921613e+00,4.057026326469072686e+00
2.982298326577091707e+00,4.042716051841038549e+00
3.009025303178560762e+00,4.111716525363586783e+00
2.994734846254137217e+00,4.104345404120352647e+00
2.999163072880097314e+00,4.127919291889272202e+00
2.991899265086760629e+00,4.027836230687895203e+00
2.993246130997872179e+00,4.036851223823940238e+00
2.998905746614070278e+00,4.040032225040906866e+00
2.939736116263417909e+00,4.012649620210409829e+00
2.929060947449701580e+00,3.976344734390659941e+00
2.897706895147274864e+00,3.975571195457311635e+00
2.903204037169491158e+00,3.977526727016671870e+00
3.015277807786235442e+00,3.997590702719634681e+00
3.061987328877496140e+00,4.081757428652704078e+00
3.156734290946811683e+00,4.089655355073846366e+00
3.172154858937018318e+00,4.104542138738461965e+00
3.205316303747922202e+00,4.139205954516379293e+00
3.180076868921706712e+00,4.064211181448378341e+00
3.176129475014467740e+00,4.062348916865677673e+00
3.216023137373667851e+00,4.124791087561558101e+00
3.224332060909187891e+00,4.125183588539597324e+00
3.177938131697768842e+00,4.118255248726870654e+00
3.179151396690203857e+00,4.144351834238408472e+00
3.181282710332765440e+00,4.147139455250329121e+00
3.177226218161353533e+00,4.142721697138231463e+00
3.113233681846719669e+00,4.095438156426353338e+00
3.151792689826109051e+00,4.104630223631420272e+00
3.114215897265465660e+00,4.076125103288817719e+00
3.069726335451703925e+00,4.053005154980014346e+00
3.053119572896528133e+00,4.041623397810559126e+00
3.071530740668407145e+00,4.055893967279646795e+00
3.132865117724177750e+00,4.110991678017093420e+00
3.198493441413760241e+00,4.154905580105141105e+00
3.021138376618363264e+00,4.150897581280861282e+00
3.064642650243388111e+00,4.162302503971870848e+00
3.104891203807204736e+00,4.166496832094233049e+00
3.117078773684770709e+00,4.178843375195492982e+00
3.193951139971551445e+00,4.236574216726324060e+00
3.195022918521642552e+00,4.360489887255355690e+00
3.196172932606253347e+00,4.376230743941556867e+00
3.143535288908851921e+00,4.366220090712358726e+00
3.131084389886696240e+00,4.248316605691132786e+00
3.120883248539105370e+00,4.240062812118940982e+00
3.118881472396006327e+00,4.233259765698940136e+00
3.102243313828368265e+00,4.204123518630940026e+00
3.168176417354986008e+00,4.216766207021445112e+00
3.271094966855513153e+00,4.267231531839799530e+00
3.277988256303478565e+00,4.279064231782973238e+00
3.410395295752960187e+00,4.289397505208270900e+00
3.419630441309297275e+00,4.295654808256912816e+00
3.359706179550141947e+00,4.194174515821500471e+00
3.387261095478044215e+00,4.205662111206851961e+00
3.422696645885690003e+00,4.333943453685578540e+00
3.422608864590039879e+00,4.332726536892007374e+00
3.349676755321357557e+00,4.277793405333645715e+00
3.382098368179285330e+00,4.287615457404283958e+00
3.132042723270247908e+00,4.009663633422337448e+00
3.056265139310440304e+00,3.941796311450834533e+00
3.088544990686844294e+00,3.952485073888799771e+00
3.051473154350199390e+00,3.915560544399789400e+00
3.220964843036383307e+00,4.015311126054536217e+00
3.198513676510195136e+00,4.005514604323406225e+00
3.207187825354856692e+00,4.052301429104504749e+00
3.241208690276483839e+00,4.118549921334915709e+00
3.237134480762622335e+00,4.099747376310931557e+00
3.252281740383943021e+00,4.100816453130364359e+00
3.069519418149994738e+00,3.898466841885581680e+00
3.146130371787396740e+00,4.041555081682431272e+00
3.145442538672411192e+00,4.041369515562007741e+00
3.108727214865909083e+00,4.022782094940271058e+00
3.046893907732472151e+00,4.018561258531577529e+00
3.051431110792777623e+00,4.037753701274979790e+00
3.006094600319383581e+00,4.031535501298867175e+00
3.025344700512043516e+00,4.036789487175886038e+00
3.022507490688422394e+00,3.990169545317479471e+00
3.007682228860819151e+00,3.884919847588878206e+00
2.977580032202431504e+00,3.869903924500634584e+00
2.961116052508169894e+00,3.858330546362825686e+00
3.003183041973276790e+00,3.859533119382626776e+00
3.015144488222912589e+00,3.860860847379702587e+00
2.995816117515525789e+00,3.836941827887745404e+00
3.026793063228378600e+00,3.844149184206249625e+00
3.009945539854518515e+00,3.823591760025122799e+00
3.015266534970704626e+00,3.841514642877387864e+00
3.016101931112509682e+00,3.842825838838663355e+00
3.044229620758457155e+00,3.902036881087422859e+00
2.971706371783152889e+00,3.830597533142028333e+00
2.982742630824497976e+00,3.844889796805727400e+00
2.986251634141027900e+00,3.848053743833890650e+00
2.911477619464995392e+00,3.792337744449474801e+00
2.927192934186652273e+00,3.821527645137766438e+00
2.929517796507776328e+00,3.826909831380862492e+00
3.026425055805534559e+00,3.901712889676367091e+00
2.982258413861180735e+00,3.810905827442343075e+00
2.947974568870638912e+00,3.767751208021785647e+00
2.870957886256551905e+00,3.665359726924391381e+00
2.981514762931385842e+00,3.776688897075009876e+00
2.975060623364297108e+00,3.761305343364677256e+00
2.934558469632535971e+00,3.714406609440222162e+00
2.992567675514006709e+00,3.770995260639958602e+00
3.006827887419435630e+00,3.856378683621779047e+00
3.166178765402359208e+00,3.877870715022666559e+00
3.224533555621906356e+00,3.972186015982194451e+00
3.215835960971515028e+00,3.959811474748366145e+00
3.284261146967511369e+00,4.056387872695503383e+00
3.256962732696808693e+00,4.050884239454903835e+00
3.261159124365064610e+00,4.071804197195089792e+00
3.266727898546840425e+00,4.084939672686298096e+00
3.232503166551254914e+00,3.937276497745775039e+00
3.234457941457741903e+00,3.941351437181352946e+00
3.222157326370564068e+00,3.939388186014244564e+00
3.240978503189163362e+00,3.964337339056930531e+00
3.178058499732516751e+00,3.878615515030364058e+00
3.187806072033189775e+00,3.972907506868826211e+00
3.183697888776235718e+00,3.970654744188618857e+00
3.173665112282574974e+00,3.961709357565690759e+00
3.066712257990663382e+00,3.917093389688076410e+00
3.151127919145388034e+00,3.922157024024104377e+00
3.228203672419478032e+00,4.022708952878308430e+00
3.273074239471900349e+00,4.085034807395187428e+00
3.257643522101266953e+00,4.074392224816703489e+00
3.134184986061284484e+00,3.974266336538426092e+00
3.132352380688771198e+00,3.970150951968317798e+00
3.186366215013375136e+00,4.073578319597537245e+00
3.212516162789666563e+00,4.116288415855484217e+00
3.157187659959290738e+00,4.101240853144362042e+00
3.126601652107932949e+00,4.029149713241901409e+00
3.263716083162119030e+00,4.121043939599690731e+00
3.342189255315598295e+00,4.155299665425740585e+00
3.220378671546160199e+00,4.070405560445480297e+00
3.190657441722241749e+00,4.052842369536124423e+00
3.162957045685249824e+00,4.051361230064644658e+00
3.312840034200529971e+00,4.180627561510717349e+00
3.296042005029530042e+00,4.166580474744220552e+00
3.322216412824101628e+00,4.195299467904558099e+00
3.226656273591653967e+00,4.117609067013485280e+00
3.228337178592327383e+00,4.119132022681814220e+00
3.190278034066811319e+00,4.062557109436514935e+00
3.189718966611154283e+00,4.062159732402755630e+00
3.195154796920038009e+00,4.066508826242689167e+00
3.156042036788821115e+00,4.060147707925168881e+00
3.041977075106480743e+00,3.978402159873176025e+00
3.101767712889962780e+00,4.022766394734546225e+00
3.052427667856389526e+00,3.947386649489097454e+00
3.011720329278878783e+00,3.940450863057770814e+00
2.963752111433016090e+00,3.937421824886362387e+00
2.983963948898469720e+00,3.985625685457281353e+00
2.990175063050660942e+00,3.986917115994887961e+00
2.989199309187703602e+00,3.964517411974466832e+00
2.913537118420638450e+00,3.962925487858325102e+00
2.914233703747793669e+00,3.984037766337875652e+00
2.906617718303780684e+00,3.966741821799649959e+00
2.897333588652001080e+00,3.909748147085849279e+00
2.907617673209287545e+00,3.918030596534236132e+00
3.021779720487494991e+00,4.015124015822790327e+00
3.034689663725727016e+00,4.017476077219798825e+00
3.091577794261587186e+00,4.053147154907668970e+00
3.093946503054276764e+00,4.059076958123765344e+00
3.128654548806490965e+00,4.196804662540086994e+00
3.154931718488383829e+00,4.225959502254466038e+00
3.065842007902190414e+00,4.143992358832316647e+00
3.092709039707990382e+00,4.186124232242950605e+00
3.092665198958326478e+00,4.186101448604183872e+00
3.037104312799872918e+00,4.140229379797759179e+00
2.993969983234990639e+00,4.092291274497113385e+00
2.982178645525586091e+00,4.086611331656169632e+00
2.915803199630083498e+00,4.047010164003053134e+00
2.853390387773333092e+00,4.000716475077381595e+00
2.833905193842514159e+00,3.976936241473065792e+00
2.763863237858447341e+00,3.851106236196210730e+00
2.761191517991214539e+00,3.804364922029109586e+00
2.745230591206608395e+00,3.768591763997740873e+00
2.650046318003923762e+00,3.759955374654071925e+00
2.666532371282601677e+00,3.762487660851586924e+00
2.685126191530141870e+00,3.770422907568673931e+00
2.685763949157852881e+00,3.818079604595974175e+00
2.721243367541897218e+00,3.857003413128303748e+00
2.723537651398119763e+00,3.860823073109127979e+00
2.717752110423999667e+00,3.855656637897078021e+00
2.727005207454105573e+00,3.862008681753712036e+00
2.756603897717967655e+00,3.916175287404520589e+00
2.767424621009741958e+00,4.021701686662620290e+00
2.762026218884178430e+00,3.967822185443780736e+00
2.794181638516717747e+00,3.976055559178465426e+00
2.793426113181928461e+00,3.972874746034488425e+00
2.888414188021554363e+00,4.074104717562208045e+00
2.836558742130816935e+00,3.851903883645265481e+00
2.837253666651204931e+00,3.853334297117659624e+00
2.771896982519944430e+00,3.769934753901019953e+00
2.687550306230121588e+00,3.701675241739416311e+00
2.710262143231025433e+00,3.715818078373999356e+00
2.703079455825100563e+00,3.688530466128398189e+00
2.760048973589832588e+00,3.877857146646201514e+00
2.771703163632787792e+00,3.939250489235522679e+00
2.886136155215877075e+00,4.053211702339848621e+00
2.942643356914463659e+00,4.130687556674745409e+00
2.927350840717354075e+00,4.118054200289410716e+00
2.959736646848690533e+00,4.139446413078633036e+00
2.896586555104501581e+00,4.046831172786210296e+00
2.825479351131350292e+00,3.939442396990258555e+00
2.863243979820154106e+00,3.962813038422277945e+00
2.924584441360139397e+00,3.988855078641745600e+00
2.958165699734021548e+00,3.992603081515413432e+00
2.869121552169136891e+00,3.962882616197255459e+00
2.882048409205573147e+00,3.963881357290760299e+00
2.963516805456537728e+00,3.990034269512665599e+00
2.963775296936181469e+00,4.050273193962221185e+00
2.971028065508443117e+00,4.056845519673563771e+00
3.131950573632950707e+00,4.167553075146696706e+00
3.143748906817787514e+00,4.213549189956617980e+00
3.144126211386924385e+00,4.214714749816303119e+00
3.109643405227715096e+00,4.183815926724908429e+00
3.244108693118587183e+00,4.337176232741213333e+00
3.213828955197097326e+00,4.294056157919953876e+00
3.187544465144698691e+00,4.231750874448790611e+00
3.066722582782966278e+00,4.111053809979287266e+00
3.066943901128727390e+00,4.116809025626170460e+00
2.918803274445571194e+00,4.086441008141607156e+00
2.940002475754949884e+00,4.122221674169086469e+00
2.842353187379345059e+00,4.120517038146935818e+00
2.897201632269538862e+00,4.151609120001719333e+00
2.881354133196226908e+00,4.060580337493065350e+00
2.782644630381186257e+00,4.057357700156983604e+00
2.746528079463729011e+00,4.055671548567240770e+00
2.758403893287638020e+00,4.063241232434941175e+00
2.754096919809966071e+00,4.055389058721439177e+00
2.747258256411110544e+00,3.979119827073491322e+00
2.745327364968015882e+00,3.977927288172863118e+00
2.810615446265743333e+00,4.014200090511955921e+00
2.683523450823566581e+00,3.872707025234499945e+00
2.733365187051711942e+00,3.921946129811138437e+00
2.737282697483424343e+00,3.935562471337895385e+00
2.657001931441708376e+00,3.791969240544360353e+00
2.734682255844286036e+00,3.796262669670479983e+00
2.736724871048527241e+00,3.816940591869383059e+00
2.730811596501983907e+00,3.812919241388009084e+00
2.739566355655644436e+00,3.817228713921502870e+00
2.739075221118799863e+00,3.813883678383934495e+00
2.764815456321792819e+00,3.837367589765393827e+00
2.833872287118152311e+00,3.918990410060016583e+00
2.858090228752219630e+00,3.972202059442205613e+00
2.854776713965080148e+00,3.971135144361781943e+00
2.938428586619306060e+00,3.991762765779425237e+00
2.935289851651724735e+00,3.980150520922641544e+00
2.951125220899805335e+00,4.008691422800584547e+00
2.946686166472197055e+00,3.997497112461628976e+00
2.942013668407641447e+00,3.996788971479551922e+00
2.943699013467158121e+00,4.042321248858388394e+00
2.951466177720671880e+00,4.050335918384055489e+00
2.953060629711276253e+00,4.052654339982975529e+00
2.956412477144112039e+00,4.052803797939582786e+00
2.939451421837075085e+00,4.051544571557350594e+00
2.973204664823526855e+00,4.108735799218584894e+00
2.983073459624793866e+00,4.126458396614292035e+00
3.003426812026154913e+00,4.178741878333227966e+00
3.005023617215731413e+00,4.180395172859527442e+00
3.000517564291582229e+00,4.179441773090545098e+00
3.049490678332002602e+00,4.223936592090579367e+00
3.035078224351596798e+00,4.218145573754883415e+00
3.089452637036846472e+00,4.222057830394123634e+00
3.092515460309633202e+00,4.250266753923562568e+00
3.110375829635392275e+00,4.318144860467742596e+00
3.085726997127248961e+00,4.298976656232667892e+00
3.076043670644888817e+00,4.278062419025444818e+00
3.097474214870732823e+00,4.304484968544752377e+00
3.095930572186541330e+00,4.304081191468318579e+00
3.114964217222333964e+00,4.306112261926362095e+00
3.103582736506646178e+00,4.303634403120029539e+00
3.079336978227635413e+00,4.245100775990983344e+00
3.013218384430321528e+00,4.242158022211084401e+00
3.007334814406511292e+00,4.235917600666101457e+00
3.046891563080058596e+00,4.254848238811067773e+00
3.056511624937618521e+00,4.258565640220363768e+00
2.997874681872523261e+00,4.217352556955883180e+00
3.002547025250264845e+00,4.222171656847058863e+00
3.006849335621474051e+00,4.232537458005656283e+00
2.990229043821364563e+00,4.217603327036696825e+00
2.944040946864530106e+00,4.213506765469205995e+00
2.960551459353537584e+00,4.250990494770978678e+00
2.905207426804285120e+00,4.218268588108059269e+00
2.983756138809322778e+00,4.318132903529978250e+00
3.008115068286895344e+00,4.337151583188346926e+00
2.967629996036234008e+00,4.174910748769813829e+00
2.946915629531626557e+00,4.159496228678484009e+00
2.926765914981220185e+00,4.129114091728977698e+00
2.922734773901240146e+00,4.127078719163503884e+00
2.902888389463998742e+00,4.106748460227194641e+00
2.951719618881982754e+00,4.123806106259483073e+00
2.979375005419071520e+00,4.133826843111386040e+00
2.985982759044461865e+00,4.161839052312682696e+00
2.982440977370250046e+00,4.161073792952801220e+00
2.977019882943404028e+00,4.156518047283235262e+00
3.008778017415306927e+00,4.156908393518084388e+00
2.998403322996560316e+00,4.144575130068361091e+00
2.976664705621868467e+00,4.121490342016194575e+00
2.986284325176379539e+00,4.135499073421944338e+00
2.931735050705332135e+00,4.046628161721008254e+00
2.887886317135894387e+00,3.968985939347141834e+00
2.883003338313028241e+00,3.959852101734589791e+00
2.942099636767478987e+00,3.966598916160822164e+00
2.948775610286244131e+00,4.071927226916730369e+00
2.917883626692273413e+00,4.020660243148054924e+00
2.904749107459926982e+00,3.993611679390614455e+00
2.974072722807016067e+00,4.005213546207360586e+00
3.007259288787109242e+00,4.006505025183746405e+00
2.967823341139133042e+00,3.987649490152533893e+00
2.984586375992075880e+00,4.071892365510477063e+00
2.975409957999841648e+00,4.054526865911141087e+00
2.975112275083161784e+00,4.053813644855316589e+00
2.932221178525383998e+00,4.037733252655959504e+00
2.988773518943236951e+00,4.139906841606244114e+00
3.089900521761877350e+00,4.158240123243457376e+00
3.066335548875166239e+00,4.138426119887563814e+00
3.175299520840161094e+00,4.144701843777770733e+00
3.175614502208486289e+00,4.212695618912792206e+00
3.208300428335059351e+00,4.225490568844178618e+00
3.178281033688215906e+00,4.222086278760333933e+00
3.188325055518463014e+00,4.265192520653013908e+00
3.183470494393723982e+00,4.233720229008445912e+00
3.164220369351264495e+00,4.214348994495458633e+00
3.137604676943131388e+00,4.197758855309360548e+00
3.151294224049126402e+00,4.217738239571669823e+00
3.198521930153430670e+00,4.262013115761896564e+00
2.969798761816418775e+00,4.041290681456144895e+00
2.972264361035436675e+00,4.041951182158898703e+00
2.916240999813783485e+00,4.018742504546624517e+00
2.953511410828252526e+00,4.074964314704926593e+00
2.929740283148101199e+00,3.998305695661499737e+00
3.123217380444059277e+00,4.141111493934830357e+00
3.030666294970760344e+00,4.063204452882558826e+00
3.092636485846426364e+00,4.136087828658363996e+00
2.993236619212034544e+00,4.120019122810472112e+00
3.026279061312766139e+00,4.136797278748177931e+00
3.056099543436693100e+00,4.179462678462130931e+00
3.126984227427222152e+00,4.198471048921014415e+00
3.033415396139731435e+00,4.111887021123879826e+00
2.965034284253124319e+00,4.087271476691221039e+00
2.880189527019617834e+00,3.952245593311574101e+00
2.922140065791195784e+00,3.984500841972602014e+00
2.832709421313759801e+00,3.883271657367391327e+00
3.012678538012336649e+00,4.080835594553337664e+00
3.019415247799728697e+00,4.130781683005358751e+00
3.135172686686853449e+00,4.234556938873695664e+00
3.094929788490031086e+00,4.163895576068035176e+00
3.064412328017984244e+00,4.138518877693408982e+00
3.062870236150525560e+00,4.137217013223501105e+00
3.055601208379516542e+00,4.078522408350669259e+00
2.961086091244480745e+00,4.035288116791905466e+00
2.968419995305457082e+00,4.044994284521308714e+00
2.950161518620824541e+00,4.031692189471528742e+00
2.950074830823619099e+00,4.031584066043434333e+00
2.927681675757610957e+00,4.019303107571878364e+00
2.947472294405780957e+00,4.046925087714709157e+00
3.069680869946107116e+00,4.067207658439234486e+00
3.092466916945955990e+00,4.076180964399826578e+00
3.029574890183332148e+00,4.069266112680973713e+00
3.061463739454512556e+00,4.098761818347729680e+00
3.111571588030638047e+00,4.133607995832450754e+00
3.115445324455732745e+00,4.135325634198737887e+00
3.032117848587812858e+00,4.106568115423723242e+00
2.946887861764110106e+00,4.020868035015220165e+00
3.108950678479933671e+00,4.073213735158224935e+00
3.116315192808871704e+00,4.094263142613439932e+00
3.060778384145382613e+00,4.039253660593249862e+00
3.055393824492838917e+00,3.980997850263169102e+00
2.852839665849260520e+00,3.931072006827132537e+00
2.904115488322198679e+00,3.955116854065253040e+00
2.904276995156868768e+00,3.955757282528120644e+00
2.916360353372416281e+00,3.970242750957555522e+00
2.917780030721343731e+00,3.970336518995141173e+00
2.918790915620355086e+00,3.970861197754773642e+00
2.933322149626911290e+00,4.030944584949229359e+00
2.901774221008337484e+00,3.902769021479245204e+00
2.871422100174133352e+00,3.887146839701797862e+00
2.917609072139503379e+00,3.890125197702932525e+00
2.926112643033338401e+00,3.996527684569187944e+00
2.968613256292750968e+00,4.011208232912122362e+00
2.975821973730645720e+00,4.013873149428430764e+00
2.955122254044312058e+00,3.992832592947692660e+00
2.954236177732023183e+00,3.983129184276836376e+00
2.972388374008277268e+00,4.015755422053055135e+00
2.987840397218274546e+00,4.019294951166925145e+00
2.971174877699715999e+00,4.005863069368310825e+00
2.972688690428478608e+00,4.006325365580912568e+00
2.956459925730644311e+00,3.994268336578007617e+00
2.884876098614463036e+00,3.938205159720917781e+00
2.907701499024117897e+00,3.986150865115524411e+00
2.910862523479472941e+00,3.991579508588646963e+00
2.893314044272005781e+00,3.930806904501102927e+00
2.947107442757415985e+00,3.955421526356786899e+00
3.089716181613933355e+00,4.174912575417836891e+00
3.089490863232927431e+00,4.171153286951681416e+00
3.091988137393502534e+00,4.174911006834228999e+00
3.062933575210505577e+00,4.146063496049259278e+00
2.989957680379460747e+00,4.073387495132607228e+00
2.933086907073720440e+00,4.065520465287135288e+00
3.012787708461925895e+00,4.117959339260573337e+00
2.999320386119457282e+00,4.073481541040752774e+00
2.938224503593380721e+00,4.072032307339989110e+00
3.016400982297479771e+00,4.216857484771090014e+00
3.002752763980776507e+00,4.135073412291874639e+00
3.029264325490693022e+00,4.166895161054293695e+00
3.030888194835005933e+00,4.172431155523423918e+00
3.025830304253477987e+00,4.130170835998827172e+00
3.147092038525820534e+00,4.259187424517292264e+00
3.126170349826881800e+00,4.197955160961583054e+00
3.117975078245131648e+00,4.182613375985524407e+00
3.133567948983229101e+00,4.186300483113613247e+00
2.960130718781588843e+00,4.125197946561042883e+00
2.929932737106106799e+00,4.054431397108311685e+00
2.944629168433673616e+00,4.083636881417819886e+00
3.123468594518651109e+00,4.190359956183164591e+00
3.134041449810511359e+00,4.213163946825588368e+00
3.060208412373940590e+00,4.056476565725574801e+00
3.075893529302413221e+00,4.101213686579471940e+00
2.998499086627167909e+00,4.076756882149140004e+00
2.976191228848565906e+00,4.037117348317432075e+00
2.974977396695142939e+00,4.036351755628215798e+00
2.979566568690410922e+00,4.047527785425180546e+00
2.966637042725638551e+00,4.031181124314836772e+00
2.955214911143751788e+00,4.025659586029470383e+00
3.119070962570113625e+00,4.166586470834858780e+00
3.066161119808821223e+00,4.050521327399632554e+00
3.072398651098049438e+00,4.058799693924236784e+00
3.162304194063183083e+00,4.066536245456167542e+00
3.174820601209077608e+00,4.104661117690853622e+00
3.027285918976298618e+00,4.088159010444863739e+00
3.112979597063300741e+00,4.171605253226227994e+00
3.187704470709006976e+00,4.180874626371387848e+00
3.174332013723588197e+00,4.115856198463125004e+00
3.173916680062535800e+00,4.095193005572861367e+00
3.250623676061876299e+00,4.136772491849368905e+00
3.249536891043059317e+00,4.123867752095842221e+00
3.216271504624640176e+00,3.993628762165241319e+00
3.223399617886545165e+00,3.997790187000579198e+00
3.101182763616473270e+00,3.910661959782731678e+00
2.999688550001741838e+00,3.821990389697168311e+00
2.890310256122776700e+00,3.687149406475250579e+00
2.915395947722799086e+00,3.694309183044229616e+00
2.893655410141523721e+00,3.672786390697029280e+00
2.880958602152449366e+00,3.641634204542356201e+00
2.907178291596016262e+00,3.661902007048000396e+00
2.995582490270696674e+00,3.687655706283802015e+00
3.038536592582846474e+00,3.725023027869659220e+00
3.074922539278988509e+00,3.799132946431034163e+00
3.068942862643312175e+00,3.796185172925370388e+00
3.141022748049557833e+00,3.802242144112303102e+00
3.212492171182911971e+00,3.940488447572422004e+00
3.200376297614992538e+00,3.931472985495418904e+00
3.200041065310792021e+00,3.929810872366069407e+00
3.144784429169973361e+00,3.883209765154643556e+00
3.137058822772075484e+00,3.879281979362787514e+00
3.239761290402833449e+00,3.918858120059682815e+00
3.260466643991970948e+00,3.943893079385309530e+00
3.181338023841030704e+00,3.936988912592621848e+00
3.138661144566360583e+00,3.893473134407852587e+00
3.135419361722072029e+00,3.878519022001666539e+00
3.138072133671681918e+00,3.881451329495031466e+00
3.131083971944996325e+00,3.879803975445483388e+00
3.133181832626998009e+00,3.885270521340252969e+00
3.150026240849020276e+00,3.888418085965402504e+00
3.143890639438707169e+00,3.883156172095342473e+00
3.069657892719925840e+00,3.833816493207075737e+00
3.084797724738356450e+00,3.851299871622122950e+00
3.058347817916928335e+00,3.622906695789744003e+00
3.050438305494560520e+00,3.594800081821574622e+00
3.071591999221336966e+00,3.613242647635508398e+00
3.140912008462108496e+00,3.717435462371200483e+00
3.154843600600552023e+00,3.732469817704785253e+00
3.231419107266470636e+00,3.808258207986792598e+00
3.300168153364313461e+00,3.935968961713268488e+00
3.281689162703190554e+00,3.919567620758858340e+00
3.282874997756063173e+00,3.935351883558601660e+00
3.288839415753994633e+00,3.956010655938869913e+00
3.257758301385153210e+00,3.896234717985877616e+00
3.252753016332693647e+00,3.866071295477699010e+00
3.234745670422613628e+00,3.858094563210674455e+00
3.214085484872491350e+00,3.798628624339269066e+00
3.225537731522365892e+00,3.811182149899106975e+00
3.240927592494136977e+00,3.838545945673959459e+00
3.334790453308565716e+00,3.892045762529636299e+00
3.328357590817683231e+00,3.851503293299975095e+00
3.302676709879905026e+00,3.840428037168501341e+00
3.356618354039796692e+00,3.923295433286841938e+00
3.350035711250783255e+00,3.880015408954780032e+00
3.342700504657096783e+00,3.877811602448940853e+00
3.294740183357459440e+00,3.800850607782400470e+00
3.366340795036935507e+00,3.814960825021548096e+00
3.305522908043285746e+00,3.701244359578853338e+00
3.286221597987069476e+00,3.692806905087941072e+00
3.266843600553256177e+00,3.653414358027168074e+00
3.300660836430220346e+00,3.727999433465867263e+00
3.262599714509534898e+00,3.722540631065564209e+00
3.115911907961522509e+00,3.591173603199337983e+00
3.190936010587648752e+00,3.758759862551237951e+00
3.133098120904214134e+00,3.644226187223964075e+00
3.138293292682953428e+00,3.669521812339059608e+00
3.200053226342202350e+00,3.723798459802268646e+00
3.162078214184553371e+00,3.689698096052872245e+00
3.155879490329199566e+00,3.665038676653826322e+00
3.100741194493507269e+00,3.617434316279549478e+00
3.013812631342445592e+00,3.529992624386422584e+00
3.149462696440274989e+00,3.711646187729646496e+00
3.202241254302975459e+00,3.728966184265371631e+00
3.231742523700576797e+00,3.832849263763145053e+00
3.082205243466483058e+00,3.672481495494114512e+00
3.078734574500860077e+00,3.657575086926057484e+00
3.037841213332916457e+00,3.574985627059135140e+00
3.071638238387350839e+00,3.638888894051213629e+00
3.096908396955055043e+00,3.850607573858790822e+00
3.042659508464680584e+00,3.802487533940664743e+00
3.029554330502500559e+00,3.775514602251352159e+00
3.098123425464498926e+00,3.820320907521963072e+00
3.025872853815905650e+00,3.773607704434975396e+00
3.046109167158724151e+00,3.799458666589110134e+00
3.017626260413983630e+00,3.796671036069820371e+00
3.055531567165188367e+00,3.798216463518181651e+00
3.036555992009689398e+00,3.781139880208918669e+00
2.979744382821518656e+00,3.751743585046433793e+00
2.994878901945591920e+00,3.801995007344042943e+00
2.889639087511301607e+00,3.690075051029157116e+00
2.926267577791653807e+00,3.710726294556886629e+00
3.095820386341008312e+00,3.883796116170175949e+00
3.163335832441803053e+00,3.930131080587575987e+00
3.123542517375236471e+00,3.810046079647379180e+00
3.046200466077403135e+00,3.738455009028494924e+00
2.863919549168232326e+00,3.530387334969997237e+00
2.844552592825533299e+00,3.515819897710622310e+00
2.735274948130297368e+00,3.503401532060565593e+00
2.718448742307391530e+00,3.493495538420712698e+00
2.806774886051140339e+00,3.598464521309767239e+00
2.817066565213708795e+00,3.648195670229279042e+00
2.898851773085199923e+00,3.691356298311382567e+00
2.895187962898476908e+00,3.686347520286758606e+00
2.913986876789676383e+00,3.686484412329258831e+00
2.942136054875348794e+00,3.694348304402671257e+00
2.950975564510750715e+00,3.706007601039739363e+00
3.005539614220590572e+00,3.825767268043515301e+00
3.032902298746254388e+00,3.826145349950738517e+00
3.004370687552963215e+00,3.797563459565980626e+00
2.915075902215327641e+00,3.797464800635500293e+00
3.054696796180110141e+00,3.888208076158194970e+00
3.015712794688910403e+00,3.822924115149513469e+00
3.022800535585227433e+00,3.828165725688721377e+00
3.055378527617844675e+00,3.854498635302037624e+00
3.130245260561967946e+00,3.965828564614050755e+00
3.116488465541179753e+00,3.931599692202057295e+00
3.025242513353918916e+00,3.811154944331687666e+00
3.042594042483024008e+00,3.820414302807647822e+00
3.035195054253096103e+00,3.795109846453775582e+00
3.032581194222449650e+00,3.690951905086651053e+00
3.008957201164121464e+00,3.653380309432029183e+00
3.010104192370509857e+00,3.653669923546079001e+00
3.031350748693317776e+00,3.668675894127251258e+00
3.038276701519623035e+00,3.746706036978229015e+00
3.037871012981172569e+00,3.746486035245759627e+00
2.987931509092711657e+00,3.709801556845704340e+00
2.988551582975336629e+00,3.755449767896927860e+00
3.006586491092693159e+00,3.778525288290119910e+00
2.940918116157397844e+00,3.764918826946693997e+00
2.977281039536442631e+00,3.797788208952695310e+00
3.151779101769181413e+00,3.966072713694659857e+00
3.112336978955109856e+00,3.950807472569228374e+00
3.106990810659043589e+00,3.930330214110558273e+00
3.087156260977252487e+00,3.904038583739221746e+00
3.094757068645798359e+00,3.923080871178496132e+00
3.030254384203335594e+00,3.861631039146411482e+00
3.112325442023280431e+00,3.869496756603901133e+00
3.120542422729426946e+00,3.888931165420679292e+00
3.179047143395131503e+00,3.951295329686339564e+00
3.177398037409711939e+00,3.925759578220918478e+00
3.217068523559738935e+00,3.932239651752633680e+00
3.288322898556116147e+00,3.966539699985230705e+00
3.256471819110738242e+00,3.948920420882629401e+00
3.208969991793367171e+00,3.909753767371515476e+00
3.184173707645737039e+00,3.888449909660829817e+00
3.146853154982133915e+00,3.852646329677420489e+00
3.144637739307795332e+00,3.851831816203885150e+00
3.251073253425264209e+00,3.953465172946335926e+00
3.253241282644398158e+00,3.986684317804924937e+00
3.195961958999006036e+00,3.960655148812227022e+00
3.190918268793340395e+00,3.926962224064877827e+00
3.084396249953970326e+00,3.865356245095374010e+00
3.140632759376059457e+00,3.907596395301311976e+00
3.116104516321190232e+00,3.833721162065110821e+00
3.100389463797934564e+00,3.833574264640279505e+00
3.103516850219319334e+00,3.840820269196747905e+00
3.067461833210665123e+00,3.801402692010123374e+00
3.063157938249971846e+00,3.795219078407745084e+00
3.085833848967295179e+00,3.820881580931879906e+00
3.037793365773975296e+00,3.778540423910677237e+00
2.930015414158639864e+00,3.710951807856905482e+00
2.942050128774525319e+00,3.721620756163710020e+00
2.968854293245256848e+00,3.747976867051528771e+00
2.989478777839604806e+00,3.824213061912465239e+00
3.047032480899975138e+00,3.871171160883485118e+00
3.051933020300053201e+00,3.875789396882681537e+00
3.083694428093518791e+00,3.895774044496741695e+00
3.092878046621394539e+00,3.903367505579640628e+00
2.986063841500678162e+00,3.843682077555239385e+00
2.969100464634551351e+00,3.827043891474089410e+00
2.961547122899467865e+00,3.823737210758461735e+00
3.013219928187865548e+00,3.916390525607349904e+00
2.970457169430726907e+00,3.882551878974616955e+00
2.998790107460127530e+00,3.894425236240268706e+00
3.006618520236834513e+00,3.917553387596842907e+00
2.887739717492776581e+00,3.861104617373741998e+00
2.810552543059325448e+00,3.784136743239367107e+00
2.863876351689624400e+00,3.872874700744314946e+00
2.818061238809630442e+00,3.855072899173643375e+00
2.820090205515925152e+00,3.925896110217752533e+00
2.863722921015611433e+00,3.946054391562245467e+00
2.870648762169786483e+00,4.021262129033774890e+00
2.855756372071093452e+00,3.884717824138542497e+00
3.091761250673231487e+00,4.015212691452316740e+00
2.952562920671331526e+00,3.851231455219878530e+00
2.928350470720112231e+00,3.836565693023075596e+00
2.976965783512273589e+00,3.850201357921603229e+00
3.021194712480155253e+00,3.943325644055399426e+00
3.090506019848385133e+00,4.015824419625433350e+00
3.125601672640639705e+00,4.038959397433528942e+00
3.078673697259927788e+00,3.912592926975777097e+00
3.098335639716164991e+00,3.924671892639369553e+00
3.210631235948705697e+00,3.980642423620240677e+00
3.012920784377163930e+00,3.784076426098859969e+00
2.956263772159749781e+00,3.716802441652536704e+00
2.975863550757043452e+00,3.744860212355693108e+00
3.143544911058651525e+00,3.935653777673120857e+00
3.197571748713723849e+00,3.993332486597918063e+00
3.127851276252700874e+00,3.973233153747846913e+00
3.077534328743829484e+00,3.917575637524997489e+00
3.037725653995174913e+00,3.905187349344204861e+00
2.932305175663095120e+00,3.858462279617149715e+00
3.078724538330919192e+00,3.955760403602420983e+00
3.059164892705778627e+00,3.931253165598481480e+00
3.019201806740238858e+00,3.922241273925043181e+00
2.979429134137632218e+00,3.797306073368931667e+00
2.981854777516712129e+00,3.797971501766385316e+00
2.990078982307152966e+00,3.828540038178367855e+00
3.049921461611139861e+00,3.864347084247911734e+00
3.085062140901281058e+00,3.936403978061598252e+00
3.072738846350606678e+00,3.927048996945678105e+00
3.097689011620423205e+00,3.981774785309906584e+00
3.190708620865763567e+00,4.019355390000916017e+00
3.166149773699246772e+00,4.016792013518811544e+00
3.162343411597520415e+00,4.009252847174301415e+00
3.198604859092842645e+00,4.043692452048423647e+00
3.181687903801138084e+00,3.982287784613502524e+00
3.196201430373940333e+00,3.987248629520578014e+00
3.118870698534755181e+00,3.912189223904530611e+00
3.164095814956950914e+00,3.915803531225186429e+00
3.193457212494500652e+00,3.974360534751627760e+00
3.174232657205176444e+00,3.968158668561574842e+00
3.034080453986636172e+00,3.940550342646805149e+00
3.057206816371442759e+00,3.963898692092833187e+00
3.058478755812289673e+00,3.966308079859280245e+00
2.948058597303852668e+00,3.926853354998332435e+00
3.013224897450095252e+00,4.041302788194955475e+00
2.980126924484093554e+00,3.997094206113739112e+00
2.994750323014794269e+00,4.021200947014790472e+00
3.024247620090369626e+00,4.077275913988080092e+00
3.025746330392163230e+00,4.087335502550875077e+00
3.068892162033734383e+00,4.115640255399139136e+00
2.952206208583358915e+00,4.099129937184240013e+00
2.953298874861656209e+00,4.099565119754351450e+00
2.956143946536782696e+00,4.112645050224376320e+00
2.932825394499456895e+00,4.037653995222193259e+00
2.802435008365399494e+00,3.949978170973284186e+00
2.979991175978503826e+00,4.044786891431236597e+00
2.995904020410561586e+00,4.053265025874968508e+00
3.015556247983608884e+00,4.100990490589186521e+00
3.051579372736817675e+00,4.171726083906925453e+00
2.923812797040202582e+00,4.100349638388815166e+00
2.921365762222505325e+00,4.017656340097133238e+00
2.917568383293445144e+00,4.015626876130705902e+00
2.926382979943900065e+00,4.028481916247631744e+00
2.939509315062445616e+00,4.028664370393819638e+00
2.891455580379857171e+00,4.009898584820918543e+00
2.897580005331048092e+00,4.015557389561182688e+00
2.876762471346328010e+00,4.012833623677916961e+00
2.885850818620629976e+00,4.062633744152672755e+00
2.848748674438234652e+00,3.966672962386808443e+00
2.825291066360333669e+00,3.948702190541130363e+00
2.916343924396321619e+00,3.961721234782978662e+00
2.903250269192272803e+00,3.956946906802270458e+00
2.932558235182730400e+00,3.994593168626267232e+00
2.886141425892792878e+00,3.919084923885865379e+00
2.887620855857672364e+00,3.919992112315044075e+00
2.938790458221849367e+00,3.981504746258306859e+00
2.897182442933097679e+00,3.871710418995975900e+00
2.845737229421866132e+00,3.811728424278495897e+00
2.825226823108200058e+00,3.787069267648751847e+00
2.885419731948908773e+00,3.801759741939994441e+00
2.918031118420350456e+00,3.815988539617908959e+00
2.989341574891722697e+00,3.874548589932159892e+00
2.990915851482708554e+00,3.878105366897178552e+00
2.981170519152720466e+00,3.862920249121677863e+00
2.979065047071755679e+00,3.829100754850538468e+00
2.982540778261897785e+00,3.836390343362404920e+00
2.986972970955955820e+00,3.878614530160385598e+00
3.048465026188655003e+00,3.885151102096325637e+00
3.072906810638641240e+00,3.910782142051266508e+00
3.118465023130761349e+00,3.937132508119491447e+00
3.086539753924140150e+00,3.906390847888817852e+00
3.030726949155464478e+00,3.879718588577626637e+00
3.031177699222957322e+00,4.014122195299224316e+00
3.037364650771288144e+00,4.022490205088010029e+00
3.024926510015570003e+00,4.019531696578739322e+00
3.029204757801113423e+00,4.022923399808550293e+00
3.165764251876137525e+00,4.192362275545972849e+00
3.155898712973761899e+00,4.190295732636521109e+00
3.109193854798071310e+00,4.142019954461826359e+00
3.069301233426353193e+00,4.122358853035567705e+00
3.047621733400594835e+00,4.091489663568022017e+00
2.872649814274576219e+00,4.062529818222460065e+00
2.977144159228389153e+00,4.112992364692734881e+00
2.976390114465419234e+00,4.111287381297751509e+00
2.892117405192944801e+00,4.074074781074172869e+00
2.892305126317636699e+00,4.168999023180177232e+00
2.883515021247101906e+00,4.164118919354311998e+00
2.902993695643771854e+00,4.202874644460565356e+00
2.889748478308967972e+00,4.176691618605953060e+00
2.887739867671939020e+00,4.171860275368596049e+00
2.889330476986530893e+00,4.177075098881422477e+00
2.911190657644263879e+00,4.197444016348066853e+00
2.867608795099609864e+00,4.108668334612989526e+00
2.852161537545430559e+00,4.097976930501753934e+00
2.853124736969261832e+00,4.104602105301512260e+00
2.752826862793380513e+00,4.006766535254500106e+00
2.590751940405927378e+00,3.859954172044918863e+00
2.628555414892691289e+00,3.882958637753516129e+00
2.629409200730614682e+00,3.898996887821361224e+00
2.643009645469936331e+00,3.929534465304787449e+00
2.670164978655653609e+00,3.939827092716883694e+00
2.682658429162959823e+00,3.949038743646914540e+00
2.692594843027360074e+00,4.029754273961635214e+00
2.709341776229095888e+00,4.047878669167401355e+00
2.691293453822724668e+00,3.999985130091767704e+00
2.655544378673946770e+00,3.958247711166229088e+00
2.655168871987456214e+00,3.951785107858848622e+00
2.627384182879630270e+00,3.916650452491718060e+00
2.641245623807720211e+00,3.927525190470637639e+00
2.678265421625893872e+00,4.006117951311527037e+00
2.677793192915645548e+00,3.992928660118221451e+00
2.751499938585561633e+00,4.002882910449418574e+00
2.750387012053294278e+00,3.974414422602386310e+00
2.757639549563760450e+00,3.987707230547323789e+00
2.818728475627616969e+00,4.001149346358387149e+00
2.788877265884080803e+00,3.980055228357741282e+00
2.791025915108498623e+00,3.982966798568943645e+00
2.842808397872571113e+00,4.034968202341848276e+00
2.977869286941314364e+00,4.035588988035772040e+00
3.034186005907919093e+00,4.067273120512281182e+00
3.019444370206008976e+00,4.063988851749085640e+00
3.027516102760015482e+00,4.066054477668374467e+00
2.905915136381456154e+00,3.994715744770117816e+00
2.915481258921257091e+00,4.005311560683459504e+00
2.920653487898420497e+00,4.014486494251182869e+00
2.949220288960776593e+00,4.057623902340493416e+00
2.833271458551958055e+00,3.944532314278394125e+00
2.857314043906155288e+00,4.067569991548592334e+00
2.872419599820381197e+00,4.070308162412351827e+00
2.766097612273001882e+00,4.060213918641550457e+00
2.868174464788718847e+00,4.123419478459180887e+00
3.085426428689179712e+00,4.130887315318368280e+00
3.083400959341915826e+00,4.128477002297127108e+00
3.087599751052053421e+00,4.133037743533177988e+00
3.074072446869227981e+00,4.003208382759620321e+00
3.069970002608889192e+00,3.998619148578399951e+00
3.147915241149603194e+00,4.026497930314753226e+00
3.150018789867740310e+00,4.028413913545991321e+00
3.147940478989453617e+00,4.023914811834877980e+00
3.050133867047897240e+00,4.003202765723114176e+00
3.145785939298187728e+00,4.069062885248180272e+00
3.135489305430519291e+00,4.068587720650848283e+00
3.044775334874814554e+00,3.935484038804324847e+00
3.053053528188870658e+00,3.937834880495096446e+00
3.046469159006064409e+00,3.930647570389129708e+00
3.017568737470099460e+00,3.927834888331333207e+00
2.978222014512535765e+00,3.894537218113083732e+00
2.956230369927347557e+00,3.872668247928439555e+00
2.880590555667219554e+00,3.824162927989030347e+00
2.955642908965953275e+00,3.918127717274858313e+00
2.923405572911228933e+00,3.899662910513652658e+00
2.910356420734884431e+00,3.872215907430515802e+00
2.931989904950781156e+00,3.896624687074093263e+00
2.943791357728091196e+00,3.915116504032371214e+00
2.998858309906768493e+00,3.970149717278996793e+00
2.983654884400699370e+00,3.968954397409893087e+00
2.925917815058578952e+00,3.959482243836448312e+00
2.930369167222135474e+00,3.963578434633264092e+00
2.913082557817020302e+00,3.937999128887388789e+00
2.905543362103099714e+00,3.936693588111840558e+00
3.013238819073593255e+00,4.042915897689059790e+00
3.011217429875572282e+00,4.028511075819800169e+00
3.043000926238221826e+00,4.080135623221008423e+00
3.037395811395287915e+00,4.054621706295118422e+00
2.998477096330309344e+00,4.042777566314728510e+00
2.997230196809817393e+00,4.042252798129611691e+00
3.007858526658958365e+00,4.065594924009240607e+00
2.926553759791008957e+00,4.001085455683788261e+00
2.877188401171625998e+00,3.916690515468327138e+00
3.002750980928768687e+00,4.019225606203860934e+00
3.025326614102680889e+00,4.024800469384778090e+00
2.966257509617571841e+00,4.019084067084900624e+00
2.952819064352481870e+00,3.907356466444390719e+00
2.924673139285915102e+00,3.892795919301561103e+00
3.040984113160700275e+00,3.974403952843681420e+00
3.094410592910032953e+00,4.099822624671949356e+00
3.063103179574342860e+00,4.097684369071499688e+00
3.063088200453883747e+00,4.097678161462211754e+00
3.094245445198199995e+00,4.114360051404542418e+00
3.107024124314285540e+00,4.133008649852852656e+00
3.106906419251609819e+00,4.132888229449971362e+00
3.099217254144038147e+00,4.124370402612691500e+00
3.110908117603214063e+00,4.132063734263843102e+00
3.035310051860136582e+00,4.124496411275155872e+00
3.052162916718641483e+00,4.130175595345754402e+00
3.072305881480941636e+00,4.138285704265431519e+00
3.060802047169039586e+00,4.129242817200230675e+00
3.138189427184818303e+00,4.193116892057656919e+00
3.191299617970056346e+00,4.196921914607060877e+00
3.171239270332998572e+00,4.175533349856928922e+00
3.074157960912174303e+00,4.114159513389071599e+00
3.077790691019608893e+00,4.115367307416612164e+00
3.082631101947506114e+00,4.128055009388789998e+00
3.096134938140867376e+00,4.140094853358083249e+00
3.096297083903793101e+00,4.141178947515866682e+00
3.070962061148125422e+00,4.100435292913886087e+00
3.191235498960047323e+00,4.160057889987917257e+00
3.219705903416430814e+00,4.298678236604148495e+00
3.220444403981456816e+00,4.305079368955502694e+00
3.224484362935199133e+00,4.314298029380527311e+00
3.222738622403804598e+00,4.311436888593846106e+00
3.227528061476016674e+00,4.348566866271429632e+00
3.225285246392152416e+00,4.339930457942034359e+00
3.235772593657420426e+00,4.387137405386711819e+00
3.137722459852433143e+00,4.313478887702747677e+00
3.077991974799833219e+00,4.261022915120034504e+00
3.043860739616002231e+00,4.223735054694375712e+00
2.934382211830714127e+00,4.204048843299498905e+00
2.904349640499187757e+00,4.200691961124427998e+00
2.890570132756272947e+00,4.194515368318760373e+00
2.787614033961625104e+00,4.103607075785698832e+00
2.750679103526374014e+00,4.004476798105883972e+00
2.800204388739507610e+00,4.032602559338019255e+00
2.771764448280306770e+00,3.962516330524658237e+00
2.832592930506550477e+00,4.046594166402886827e+00
2.777427528490853614e+00,3.997481732996950310e+00
